timebucket;CONNACK;PINGRESP;PUBACK;PUBLISH;SUBACK
1549361280000;39,0;;;;37,0
1549361281000;2,5;;;;2,5
1549361282000;2,0;;19,5;18,0;2,5
1549361283000;2,5;;6,0;5,0;2,5
1549361284000;2,5;;9,0;9,0;8,0
1549361285000;2,5;;11,0;8,5;5,5
1549361286000;3,0;;7,0;6,5;2,0
1549361287000;2,5;;10,333333333333334;7,666666666666667;10,5
1549361288000;1,5;;10,0;9,666666666666666;8,0
1549361289000;2,0;;9,333333333333334;6,333333333333333;8,5
1549361290000;1,5;;8,833333333333334;5,333333333333333;4,5
1549361291000;2,0;;8,5;7,166666666666667;7,5
1549361292000;2,0;;11,333333333333334;6,666666666666667;7,0
1549361293000;1,5;;10,0;10,0;5,0
1549361294000;1,5;;9,0;6,5;2,0
1549361295000;2,5;;4,0;3,25;9,0
1549361296000;1,5;;12,2;12,2;5,5
1549361297000;1,0;;11,285714285714286;9,142857142857142;8,5
1549361298000;1,5;;39,57142857142858;39,285714285714285;124,0
1549361299000;1,0;;14,0;14,0;9,5
1549361300000;1,0;;13,2;13,0;12,5
1549361301000;1,0;;14,428571428571429;14,428571428571429;11,5
1549361302000;1,5;;9,0;8,0;5,5
1549361303000;1,0;;8,571428571428571;7,857142857142857;11,0
1549361304000;1,0;;14,375;10,25;27,5
1549361305000;0,5;;11,88888888888889;11,777777777777779;21,0
1549361306000;1,0;;7,0;4,0;7,0
1549361307000;1,0;;8,125;8,0;3,0
1549361308000;1,0;;24,333333333333336;23,77777777777778;51,5
1549361309000;1,0;;23,0;21,5;34,0
1549361310000;1,0;;9,0;9,0;13,0
1549361311000;1,0;;8,7;7,4;5,5
1549361312000;1,0;;8,777777777777779;7,333333333333333;3,0
1549361313000;1,0;;13,833333333333332;12,5;17,5
1549361314000;1,0;;9,25;8,833333333333334;5,0
1549361315000;1,0;;12,2;8,5;6,5
1549361316000;1,0;;24,11111111111111;18,666666666666664;27,5
1549361317000;1,0;;18,181818181818183;14,727272727272727;16,0
1549361318000;1,0;;10,692307692307692;8,538461538461538;5,5
1549361319000;1,0;;8,307692307692308;7,307692307692308;9,5
1549361320000;1,0;;12,666666666666668;10,0;12,0
1549361321000;1,0;;12,923076923076923;11,153846153846153;13,0
1549361322000;1,0;;10,7;8,5;1,5
1549361323000;1,0;;9,928571428571429;8,571428571428571;1,0
1549361324000;1,0;;9,153846153846153;8,76923076923077;6,0
1549361325000;1,0;;8,133333333333333;6,2;4,5
1549361326000;1,0;;10,153846153846153;9,307692307692308;15,0
1549361327000;1,5;;13,416666666666666;13,25;0,5
1549361328000;1,0;;12,0;9,933333333333334;4,0
1549361329000;1,0;;14,8125;12,875;10,0
1549361330000;1,0;;15,294117647058822;12,294117647058822;22,5
1549361331000;1,0;;8,153846153846153;6,3076923076923075;12,0
1549361332000;1,0;;15,857142857142858;15,857142857142858;20,5
1549361333000;1,0;;15,666666666666666;13,0;9,0
1549361334000;1,0;;13,75;11,625;19,0
1549361335000;1,0;;16,5;13,777777777777779;18,0
1549361336000;1,0;;13,933333333333334;10,066666666666666;16,5
1549361337000;1,0;;11,875;10,625;4,5
1549361338000;1,0;;13,95;10,45;2,0
1549361339000;1,0;;14,75;13,375;29,5
1549361340000;1,0;;14,333333333333334;13,866666666666667;7,5
1549361341000;1,0;;13,6875;12,375;24,5
1549361342000;1,0;;15,041666666666668;12,041666666666668;18,0
1549361343000;1,0;;15,764705882352942;14,117647058823529;14,0
1549361344000;1,0;;15,05;11,75;31,5
1549361345000;1,0;;14,777777777777779;14,11111111111111;22,5
1549361346000;1,0;;16,526315789473685;15,210526315789474;6,5
1549361347000;1,0;;14,95;14,4;12,0
1549361348000;1,0;;17,55;17,25;18,0
1549361349000;0,5;;17,238095238095237;16,666666666666668;3,0
1549361350000;0,5;;19,736842105263158;16,263157894736842;18,5
1549361351000;1,0;;26,34782608695652;25,47826086956522;37,0
1549361352000;1,0;;16,72222222222222;13,666666666666666;11,5
1549361353000;1,0;;25,047619047619047;24,666666666666664;29,0
1549361354000;1,0;;20,4;15,65;18,5
1549361355000;1,0;;23,095238095238095;20,476190476190474;30,0
1549361356000;1,0;;22,75;21,666666666666668;30,0
1549361357000;0,5;;15,222222222222221;11,777777777777779;20,0
1549361358000;1,0;;37,333333333333336;35,0;44,0
1549361359000;1,0;;18,333333333333332;14,714285714285714;38,333333333333336
1549361360000;1,0;;23,75;22,083333333333332;39,5
1549361361000;1,0;;22,63157894736842;21,842105263157894;29,0
1549361362000;1,0;;29,192307692307693;27,192307692307693;18,5
1549361363000;1,0;;23,153846153846153;22,115384615384617;30,5
1549361364000;1,0;;23,82608695652174;22,347826086956523;26,0
1549361365000;1,0;;26,04;24,04;25,0
1549361366000;1,0;;26,423076923076923;23,5;16,0
1549361367000;1,0;;24,392857142857142;22,464285714285715;21,0
1549361368000;1,0;;25,863636363636363;20,954545454545453;40,0
1549361369000;0,5;;39,25;37,464285714285715;57,0
1549361370000;0,5;;23,96666666666667;20,7;26,0
1549361371000;0,5;;20,94736842105263;19,31578947368421;48,0
1549361372000;0,5;;25,6;24,066666666666666;48,5
1549361373000;1,0;;23,892857142857146;21,25;41,5
1549361374000;1,0;;23,576923076923077;22,46153846153846;51,0
1549361375000;1,5;;23,5;21,40909090909091;25,5
1549361376000;1,0;;31,4;28,516129032258064;36,0
1549361377000;0,5;;34,03030303030303;30,8125;52,5
1549361378000;1,0;;25,666666666666668;22,333333333333332;41,333333333333336
1549361379000;1,0;;33,516129032258064;31,93548387096774;57,0
1549361380000;1,0;;32,75;32,09375;53,0
1549361381000;1,0;;33,77777777777778;32,138888888888886;27,333333333333332
1549361382000;1,0;;23,0;20,65217391304348;38,0
1549361383000;1,0;;24,962962962962962;23,48148148148148;50,0
1549361384000;1,0;;35,74285714285714;31,714285714285715;56,333333333333336
1549361385000;0,5;;35,6;33,23076923076923;79,0
1549361386000;0,5;;36,5609756097561;33,609756097560975;47,5
1549361387000;1,0;;33,90909090909091;28,5625;49,333333333333336
1549361388000;1,0;;39,766666666666666;33,9;28,0
1549361389000;1,0;;38,54545454545455;35,303030303030305;49,666666666666664
1549361390000;1,0;;30,64;28,076923076923077;23,5
1549361391000;1,0;;35,648648648648646;30,756756756756758;57,0
1549361392000;1,0;;31,216216216216218;29,243243243243242;35,5
1549361393000;1,0;;43,285714285714285;42,55882352941177;50,333333333333336
1549361394000;1,0;;33,2972972972973;32,054054054054056;35,0
1549361395000;1,0;;48,82857142857143;45,65714285714286;77,5
1549361396000;0,5;;30,714285714285715;29,285714285714285;40,666666666666664
1549361397000;1,0;;24,424242424242426;23,03030303030303;48,0
1549361398000;1,0;;39,743589743589745;37,23076923076923;54,5
1549361399000;1,0;;40,66666666666667;40,60606060606061;52,0
1549361400000;1,0;;40,17948717948718;38,02564102564103;63,0
1549361401000;0,5;;35,86486486486486;34,44736842105263;51,0
1549361402000;1,0;;55,80555555555556;49,6;77,0
1549361403000;1,0;;34,388888888888886;30,805555555555557;38,0
1549361404000;0,5;;36,33333333333333;33,58333333333333;69,5
1549361405000;1,0;;38,38095238095238;37,418604651162795;70,5
1549361406000;1,0;;53,5;50,5945945945946;77,5
1549361407000;1,0;;42,808510638297875;39,4468085106383;70,5
1549361408000;0,5;;37,6;34,1;58,0
1549361409000;0,5;;50,18181818181818;48,88636363636364;60,5
1549361410000;1,0;;41,638888888888886;38,972972972972975;27,666666666666668
1549361411000;1,0;;32,67857142857143;30,59259259259259;102,0
1549361412000;1,0;;40,375;38,82926829268293;50,0
1549361413000;1,5;;45,27906976744186;40,27906976744186;55,0
1549361414000;1,0;;52,75925925925926;47,679245283018865;107,0
1549361415000;1,0;;42,705882352941174;39,05882352941177;67,0
1549361416000;1,0;;45,2972972972973;39,81578947368421;56,5
1549361417000;1,0;;45,8974358974359;42,131578947368425;56,0
1549361418000;1,0;;33,83870967741935;30,967741935483872;55,0
1549361419000;0,5;;47,604651162790695;46,16279069767442;29,0
1549361420000;1,0;;50,853658536585364;48,34146341463415;50,5
1549361421000;1,0;;60,12280701754386;54,87719298245614;99,0
1549361422000;1,0;;36,95;34,7;56,0
1549361423000;1,0;;47,02439024390244;38,73170731707317;63,0
1549361424000;1,0;;40,525;39,5609756097561;64,5
1549361425000;1,0;;39,71052631578947;37,75675675675676;67,5
1549361426000;1,0;;39,025;38,15;51,0
1549361427000;0,5;;50,20408163265306;47,15686274509804;78,0
1549361428000;0,5;;60,29824561403508;56,581818181818186;121,0
1549361429000;0,5;;39,794871794871796;37,68292682926829;62,0
1549361430000;0,0;;50,906976744186046;45,73809523809524;77,0
1549361431000;1,0;;48,044444444444444;44,13636363636364;70,0
1549361432000;1,0;;48,425;47,35;73,5
1549361433000;1,0;;52,02127659574468;50,25;61,0
1549361434000;1,0;;35,40909090909091;34,78260869565217;72,0
1549361435000;1,0;;48,10526315789474;40,79629629629629;83,0
1549361436000;0,5;;59,46341463414634;57,09756097560975;101,5
1549361437000;1,0;;71,53191489361703;64,19148936170212;53,0
1549361438000;0,5;;31,55;27,75609756097561;69,5
1549361439000;1,0;;52,26086956521739;50,130434782608695;97,0
1549361440000;1,0;;52,17647058823529;48,05882352941177;60,0
1549361441000;1,0;;53,95652173913044;47,65217391304348;44,0
1549361442000;0,5;;61,28571428571429;53,91666666666667;79,5
1549361443000;0,5;;59,57142857142857;59,142857142857146;57,5
1549361444000;0,5;;62,0;53,48148148148148;121,0
1549361445000;1,0;;50,46511627906977;49,523809523809526;104,5
1549361446000;1,0;;60,16;53,411764705882355;110,5
1549361447000;1,0;;54,25;49,3125;70,5
1549361448000;1,0;;68,40384615384615;66,70588235294119;123,5
1549361449000;1,0;;56,30508474576271;50,23728813559322;102,0
1549361450000;1,0;;58,729166666666664;57,8125;99,0
1549361451000;1,0;;67,53846153846153;65,05660377358491;74,0
1549361452000;1,0;;64,68;58,38;121,0
1549361453000;0,5;;56,90243902439025;52,4;74,5
1549361454000;1,0;;50,406779661016955;43,50847457627119;93,0
1549361455000;1,0;;68,41071428571429;63,45614035087719;69,0
1549361456000;1,0;;65,66037735849056;61,88461538461539;114,5
1549361457000;1,0;;61,35849056603774;55,867924528301884;115,5
1549361458000;1,0;;69,35087719298245;64,0;84,5
1549361459000;0,5;;70,88461538461539;66,9433962264151;130,5
1549361460000;1,0;;49,851851851851855;48,83333333333333;107,0
1549361461000;1,0;;83,56862745098039;81,78;109,0
1549361462000;0,5;;71,26415094339623;66,59259259259258;122,0
1549361463000;1,0;;71,23214285714286;64,48214285714286;129,5
1549361464000;0,5;;61,48148148148148;59,11320754716981;83,0
1549361465000;1,0;;90,01639344262296;87,36065573770492;55,5
1549361466000;0,5;;76,09803921568627;70,27450980392157;108,0
1549361467000;1,0;;58,72549019607843;56,0;91,5
1549361468000;1,0;;68,70370370370371;62,11320754716981;115,0
1549361469000;1,0;;80,13793103448275;74,44827586206897;70,5
1549361470000;0,5;;73,10344827586206;66,79310344827586;81,5
1549361471000;0,5;;85,125;81,71428571428571;128,0
1549361472000;1,0;;88,52459016393442;85,29032258064517;105,0
1549361473000;1,0;;81,39285714285714;78,14545454545456;146,0
1549361474000;1,0;;79,2;76,13725490196079;92,5
1549361475000;0,5;;85,15789473684211;75,94736842105263;111,5
1549361476000;1,0;;95,55172413793103;87,1896551724138;166,0
1549361477000;1,0;;70,75471698113208;69,0754716981132;104,0
1549361478000;1,0;;69,73134328358209;66,57575757575759;88,5
1549361479000;1,0;;83,10909090909091;72,70909090909092;143,5
1549361480000;1,0;;75,25;72,80327868852459;109,5
1549361481000;0,0;;81,27868852459017;75,11475409836065;133,0
1549361482000;1,0;;85,89830508474577;82,15517241379311;79,0
1549361483000;1,0;;96,71698113207547;91,54716981132076;171,0
1549361484000;1,0;;87,0;83,875;116,0
1549361485000;1,0;;94,04545454545453;88,70769230769231;103,0
1549361486000;26,5;;76,35714285714286;73,53571428571429;136,5
1549361487000;8,5;;83,37096774193549;80,74603174603175;120,0
1549361488000;15,0;;92,83076923076923;88,72058823529412;125,0
1549361489000;1,0;;111,5;104,48484848484847;147,0
1549361490000;0,5;;73,98148148148148;63,94444444444444;97,5
1549361491000;1,0;;84,64285714285714;80,875;131,0
1549361492000;0,0;;99,95454545454547;98,27272727272728;162,0
1549361493000;43,0;;97,84375;95,234375;144,5
1549361494000;48,5;;85,79032258064515;84,19354838709677;109,5
1549361495000;1,0;;73,78947368421052;71,08771929824562;140,0
1549361496000;13,0;;88,54098360655738;86,68852459016394;155,0
1549361497000;33,0;;104,45762711864408;97,20338983050848;156,0
1549361498000;5,0;;98,35714285714285;90,26785714285714;152,5
1549361499000;7,5;;103,88888888888887;99,16666666666666;69,5
1549361500000;25,0;;90,44615384615385;82,32307692307693;73,0
1549361501000;26,5;;77,25;76,0;114,0
1549361502000;1,0;;94,83928571428571;91,05263157894737;152,0
1549361503000;10,0;;104,17808219178082;96,65753424657534;111,0
1549361504000;57,5;;87,67241379310346;79,35;149,0
1549361505000;19,5;;142,9848484848485;139,21875;190,33333333333334
1549361506000;56,0;;102,8688524590164;95,11666666666666;120,5
1549361507000;71,0;;130,125;121,01785714285715;147,5
1549361508000;57,0;;134,9090909090909;130,9220779220779;145,5
1549361509000;2,0;;93,70689655172414;88,44827586206898;122,5
1549361510000;9,0;;116,046875;112,453125;142,0
1549361511000;94,5;;135,26984126984127;123,57142857142857;113,5
1549361512000;31,0;;93,97058823529412;88,66176470588235;162,0
1549361513000;8,0;;92,0;87,75409836065573;87,0
1549361514000;67,5;;133,15384615384616;120,578125;182,0
1549361515000;13,0;;129,48;117,6891891891892;222,5
1549361516000;42,5;;106,60714285714286;101,9298245614035;206,5
1549361517000;58,0;;127,67605633802818;126,35714285714285;181,66666666666666
1549361518000;78,5;;124,59090909090908;120,66666666666666;204,0
1549361519000;30,5;;126,12280701754385;119,12068965517241;199,0
1549361520000;46,5;;125,2089552238806;120,28358208955224;171,66666666666666
1549361521000;54,0;;118,30555555555556;113,64788732394366;158,0
1549361522000;67,0;;127,71666666666665;118,91935483870968;217,0
1549361523000;104,5;;187,2857142857143;177,33333333333331;198,5
1549361524000;84,0;;123,59701492537313;118,74626865671641;187,0
1549361525000;104,0;;127,40322580645163;121,5079365079365;223,0
1549361526000;55,5;;147,57575757575756;137,09230769230768;167,5
1549361527000;69,0;;133,8840579710145;125,44285714285715;152,0
1549361528000;78,5;;144,13513513513516;139,625;174,0
1549361529000;63,5;;185,2957746478873;174,53521126760563;206,66666666666666
1549361530000;;;125,56716417910448;120,58823529411764;216,0
1549361531000;;;144,37142857142857;134,57971014492753;
1549361532000;;;204,02941176470588;196,64705882352942;
1549361533000;;;134,0857142857143;124,05633802816901;
1549361534000;;;135,8235294117647;126,19402985074626;
1549361535000;;;122,45945945945945;118,40789473684211;
1549361536000;;;179,52;166,55405405405406;
1549361537000;;;96,37704918032789;91,73333333333332;
1549361538000;;;127,61194029850748;119,95588235294117;
1549361539000;;;192,14084507042253;180,7887323943662;
1549361540000;;;123,11864406779661;116,70689655172414;
1549361541000;;;223,6;208,12941176470588;
1549361542000;;;128,30882352941177;125,1159420289855;
1549361543000;;;142,546875;138,74603174603172;
1549361544000;;;126,61016949152543;121,7;
1549361545000;;;206,94366197183098;194,9154929577465;
1549361546000;;;208,98666666666668;206,74324324324326;
1549361547000;;;156,49295774647888;149,8732394366197;
1549361548000;;;169,42857142857142;156,3375;
1549361549000;;;116,4782608695652;109,71212121212119;
1549361550000;;;149,98360655737707;141,9016393442623;
1549361551000;;;122,2878787878788;116,34328358208955;
1549361552000;;;115,29850746268657;109,9402985074627;
1549361553000;;;134,04225352112675;124,85714285714285;
1549361554000;;;109,1076923076923;103,50769230769231;
1549361555000;;;173,11764705882354;167,9264705882353;
1549361556000;;;140,62337662337663;130,3;
1549361557000;;;118,8125;112,6774193548387;
1549361558000;;;140,8095238095238;129,53125;
1549361559000;;;135,22077922077924;127,96103896103895;
1549361560000;;;132,43478260869566;121,50746268656717;
1549361561000;;;118,35185185185185;110,125;
1549361562000;;;145,56060606060606;132,72727272727272;
1549361563000;;;206,59259259259258;202,65432098765433;
1549361564000;;;124,7741935483871;117,54098360655739;
1549361565000;;;127,55384615384615;118,16666666666667;
1549361566000;;;108,5;102,34328358208955;
1549361567000;;;132,93846153846152;125,2;
1549361568000;;;142,52;134,98648648648648;
1549361569000;;;124,42424242424242;119,23880597014926;
1549361570000;;;137,43478260869566;127,38235294117646;
1549361571000;;;115,51612903225806;111,88709677419355;
1549361572000;;;143,0625;141,95384615384614;
1549361573000;;;122,54054054054055;112,73972602739727;
1549361574000;;;122,22222222222223;116,33333333333334;
1549361575000;;;166,17808219178082;160,97260273972603;
1549361576000;;;139,55737704918033;133,14285714285714;
1549361577000;;;191,72222222222223;179,3661971830986;
1549361578000;;;129,4;119,18333333333334;
1549361579000;;;121,26760563380282;115,2;
1549361580000;;;95,14705882352942;91,84057971014492;
1549361581000;;;140,33333333333331;134,63492063492063;
1549361582000;;;188,01333333333332;174,7837837837838;
1549361583000;;;131,28125;127,171875;
1549361584000;;;116,20588235294119;109,27142857142857;
1549361585000;;;127,24;119,3469387755102;
1549361586000;;;211,31764705882355;201,51162790697677;
1549361587000;;;129,4264705882353;124,93939393939394;
1549361588000;;;93,97058823529412;84,80882352941177;
1549361589000;;;115,84126984126985;108,4375;
1549361590000;;;91,03225806451613;87,57377049180329;
1549361591000;;;130,15151515151516;114,83333333333334;
1549361592000;;;154,44444444444446;144,36486486486487;
1549361593000;;;153,8235294117647;151,62121212121212;
1549361594000;;;127,97058823529412;124,32352941176471;
1549361595000;;;149,34848484848484;141,9264705882353;
1549361596000;;;133,11764705882354;117,76119402985074;
1549361597000;;;107,24590163934427;96,08064516129032;
1549361598000;;;125,5373134328358;116,76923076923077;
1549361599000;;;124,49180327868854;117,18032786885244;
1549361600000;;;131,11111111111111;128,3013698630137;
1549361601000;;;159,39705882352942;148,38805970149252;
1549361602000;;;142,18840579710144;132,4788732394366;
1549361603000;;;99,05454545454545;87,92727272727272;
1549361604000;;;138,28125;130,82539682539684;
1549361605000;;;119,734375;115,80952380952382;
1549361606000;;;124,83870967741936;117,2063492063492;
1549361607000;;;126,11111111111111;122,7625;
1549361608000;;;145,65625;137,12307692307692;
1549361609000;;;97,60655737704919;85,12698412698413;
1549361610000;;;101,7936507936508;99,78333333333333;
1549361611000;;;99,828125;97,0;
1549361612000;;;124,43939393939392;116,67164179104479;
1549361613000;;;165,98591549295776;159,26388888888889;
1549361614000;;;153,63888888888886;140,81690140845072;
1549361615000;;;130,41071428571428;128,05454545454546;
1549361616000;;;120,20289855072464;115,69565217391303;
1549361617000;;;163,8732394366197;158,05633802816902;
1549361618000;;;92,2542372881356;91,79661016949152;
1549361619000;;;117,3030303030303;111,41791044776119;
1549361620000;;;135,8939393939394;125,09230769230768;
1549361621000;;;172,79032258064515;166,5;
1549361622000;;;105,86486486486486;101,64864864864865;
1549361623000;;;97,53448275862068;91,63793103448276;
1549361624000;;;165,42647058823528;152,33333333333331;
1549361625000;;;110,04347826086956;107,17142857142858;
1549361626000;;;103,61904761904762;89,34426229508196;
1549361627000;;;139,33870967741936;131,95238095238096;
1549361628000;;;168,30555555555554;154,8783783783784;
1549361629000;;;103,3015873015873;98,31666666666666;
1549361630000;;;121,94827586206897;111,29310344827586;
1549361631000;;;194,31428571428572;185,09859154929578;
1549361632000;;;115,40322580645162;102,88524590163935;
1549361633000;;;125,17910447761194;119,14705882352942;
1549361634000;;;162,8840579710145;154,66666666666669;
1549361635000;;;147,2857142857143;130,82608695652175;
1549361636000;;;88,68518518518518;85,60714285714285;
1549361637000;;;116,52857142857144;104,98529411764704;
1549361638000;;;103,98245614035088;97,50877192982456;
1549361639000;;;116,95714285714286;106,87142857142857;
1549361640000;;;117,88059701492537;106,67647058823529;
1549361641000;;;115,05882352941177;108,38805970149254;
1549361642000;;;138,47692307692307;130,97014925373134;
1549361643000;;;109,92063492063491;95,30645161290323;
1549361644000;;;123,60317460317461;111,98412698412699;
1549361645000;;;134,7017543859649;125,6140350877193;
1549361646000;;;191,24;173,47297297297297;
1549361647000;;;139,76056338028167;132,6901408450704;
1549361648000;;;99,54098360655739;94,7741935483871;
1549361649000;;;152,62857142857143;141,7536231884058;
1549361650000;;;106,26315789473685;97,44827586206897;
1549361651000;;;87,38983050847457;84,32758620689654;
1549361652000;;;113,5945945945946;108,6081081081081;
1549361653000;;;116,30985915492957;112,36619718309859;
1549361654000;;;93,8;91,31666666666666;
1549361655000;;;90,06896551724138;81,84482758620689;
1549361656000;;;197,231884057971;175,02898550724638;
1549361657000;;;111,93846153846154;111,16923076923077;
1549361658000;;;117,625;112,234375;
1549361659000;;;137,06060606060606;130,3030303030303;
1549361660000;;;106,70491803278688;103,59016393442623;
1549361661000;;;143,9516129032258;135,0483870967742;
1549361662000;;;115,65079365079366;112,92063492063491;
1549361663000;;;179,55072463768118;175,6376811594203;
1549361664000;;;127,14516129032259;123,61904761904762;
1549361665000;;;121,2089552238806;115,36363636363636;
1549361666000;;;143,11111111111114;138,90740740740742;
1549361667000;;;173,53424657534248;164,9041095890411;
1549361668000;;;112,11666666666666;106,23333333333333;
1549361669000;;;115,41095890410959;111,31506849315068;
1549361670000;;;155,0597014925373;142,8695652173913;
1549361671000;;;113,8939393939394;104,53125;
1549361672000;;;100,22727272727272;96,7878787878788;
1549361673000;;;93,86440677966101;86,45762711864408;
1549361674000;;;96,6875;89,07692307692307;
1549361675000;;;94,76923076923077;83,37254901960785;
1549361676000;;;167,61764705882354;157,2112676056338;
1549361677000;;;184,95999999999998;178,77777777777777;
1549361678000;;;97,16363636363636;91,67857142857143;
1549361679000;;;184,5757575757576;173,59701492537312;
1549361680000;;;184,7910447761194;172,0;
1549361681000;;;109,57627118644068;106,79661016949153;
1549361682000;;;107,82142857142857;100,0;
1549361683000;;;139,3;136,21428571428572;
1549361684000;;;192,90666666666667;178,90666666666667;
1549361685000;;;123,05;115,73333333333333;
1549361686000;;;134,8548387096774;126,24193548387096;
1549361687000;;;160,140350877193;149,6949152542373;
1549361688000;;;144,95454545454547;138,1875;
1549361689000;;;123,07692307692307;119,29230769230769;
1549361690000;;;120,3380281690141;110,625;
1549361691000;;;167,03125;154,5625;
1549361692000;;;107,5;102,75925925925927;
1549361693000;;;112,109375;110,34375;
1549361694000;;;130,828125;117,875;
1549361695000;;;146,84285714285716;134,5072463768116;
1549361696000;;;115,98039215686273;104,01960784313727;
1549361697000;;;147,6891891891892;139,06493506493507;
1549361698000;;;160,98611111111111;152,43478260869566;
1549361699000;;;117,37254901960785;112,31372549019608;
1549361700000;;;109,81967213114754;106,95081967213115;
1549361701000;;;134,2394366197183;128,01388888888889;
1549361702000;;;133,70149253731344;124,07575757575758;
1549361703000;;;88,48333333333333;80,46666666666667;
1549361704000;;;140,57142857142858;129,40845070422534;
1549361705000;;;126,6774193548387;119,34426229508196;
1549361706000;;;148,28571428571428;136,69230769230768;
1549361707000;;;112,26923076923077;97,09615384615384;
1549361708000;;;123,23333333333332;118,98275862068965;
1549361709000;;;163,06756756756755;151,4078947368421;
1549361710000;;;105,15;97,01724137931035;
1549361711000;;;118,54237288135593;110,80327868852459;
1549361712000;;;181,0;164,33333333333331;
1549361713000;;;99,73333333333333;94,36206896551724;
1549361714000;;;139,20634920634922;128,859375;
1549361715000;;;122,55357142857143;118,29090909090908;
1549361716000;;;140,27777777777777;130,83333333333331;
1549361717000;;;86,98181818181817;81,42857142857142;
1549361718000;;;100,24242424242425;94,84615384615384;
1549361719000;;;186,0;174,7625;
1549361720000;;;111,27118644067795;102,08771929824562;
1549361721000;;;94,94827586206897;89,59322033898306;
1549361722000;;;105,46428571428571;102,35087719298245;
1549361723000;;;129,1076923076923;115,6;
1549361724000;;;144,77611940298507;138,12307692307692;
1549361725000;;;174,8793103448276;167,08333333333334;
1549361726000;;;135,08333333333334;121,95890410958904;
1549361727000;;;128,77777777777777;122,91666666666666;
1549361728000;;;126,73529411764706;120,94117647058823;
1549361729000;;;106,36065573770492;101,9344262295082;
1549361730000;;;102,95161290322581;93,66129032258064;
1549361731000;;;111,6140350877193;107,36206896551725;
1549361732000;;;151,18571428571428;146,94202898550725;
1549361733000;;;131,19117647058823;118,45070422535211;
1549361734000;;;112,58620689655172;103,67272727272727;
1549361735000;;;169,98529411764707;159,95652173913044;
1549361736000;;;142,66666666666669;135,6;
1549361737000;;;138,75;130,89830508474577;
1549361738000;;;189,66666666666669;174,44285714285715;
1549361739000;;;143,67142857142858;131,84848484848484;
1549361740000;;;108,140625;99,578125;
1549361741000;;;93,05;91,21666666666667;
1549361742000;;;97,91044776119404;94,42647058823529;
1549361743000;;;129,1578947368421;119,17543859649123;
1549361744000;;;135,51612903225808;131,63934426229508;
1549361745000;;;163,88235294117646;152,28571428571428;
1549361746000;;;153,97014925373134;140,46969696969697;
1549361747000;;;96,0655737704918;87,6;
1549361748000;;;106,80701754385964;98,71186440677965;
1549361749000;;;125,85714285714285;111,64705882352942;
1549361750000;;;133,03333333333333;125,57377049180329;
1549361751000;;;144,54237288135593;138,3793103448276;
1549361752000;;;99,96875;94,83076923076922;
1549361753000;;;162,4927536231884;146,77941176470588;
1549361754000;;;127,28333333333335;118,98387096774194;
1549361755000;;;126,98275862068965;120,78947368421052;
1549361756000;;;156,04347826086956;148,5735294117647;
1549361757000;;;138,56896551724137;117,61666666666666;
1549361758000;;;106,12280701754386;100,66071428571429;
1549361759000;;;139,30555555555554;131,53521126760563;
1549361760000;;;161,66153846153847;154,2923076923077;
1549361761000;;;133,59677419354838;125,7258064516129;
1549361762000;;;145,72413793103448;139,01724137931035;
1549361763000;;;167,28169014084506;161,38888888888889;
1549361764000;;;94,82456140350877;87,82142857142857;
1549361765000;;;94,72881355932203;90,16949152542372;
1549361766000;;;140,3939393939394;132,49253731343282;
1549361767000;;;146,6417910447761;137,63636363636363;
1549361768000;;;104,40298507462687;99,61764705882354;
1549361769000;;;131,86363636363637;118,93846153846154;
1549361770000;;;180,22413793103448;170,24137931034483;
1549361771000;;;139,59322033898306;123,63333333333334;
1549361772000;;;105,44444444444444;102,92063492063491;
1549361773000;;;130,46153846153845;124,86153846153847;
1549361774000;;;128,78571428571428;114,60869565217392;
1549361775000;;;146,14864864864865;134,73684210526318;
1549361776000;;;113,16071428571429;105,42592592592592;
1549361777000;;;114,8923076923077;108,24615384615385;
1549361778000;;;116,05555555555557;109,42592592592594;
1549361779000;;;112,7;107,5;
1549361780000;;;130,28358208955223;123,85507246376811;
1549361781000;;;129,2151898734177;122,31168831168831;
1549361782000;;;135,23333333333332;133,85;
1549361783000;;;123,08108108108108;117,93243243243244;
1549361784000;;;93,69642857142857;83,2982456140351;
1549361785000;;;85,6;78,90909090909092;
1549361786000;;;132,015625;130,4126984126984;
1549361787000;;;131,04615384615386;124,75384615384615;
1549361788000;;;158,3421052631579;143,94805194805195;
1549361789000;;;132,73529411764707;122,044776119403;
1549361790000;;;119,60655737704919;112,52380952380952;
1549361791000;;;134,54411764705884;126,02985074626865;
1549361792000;;;113,66037735849056;105,4423076923077;
1549361793000;;;119,27272727272728;117,37662337662339;
1549361794000;;;105,84375;97,671875;
1549361795000;;;122,46551724137932;114,29310344827586;
1549361796000;;;135,55384615384617;126,18181818181819;
1549361797000;;;118,875;111,85915492957747;
1549361798000;;;136,45454545454544;128,14545454545456;
1549361799000;;;121,89855072463769;117,21739130434783;
1549361800000;;;86,62745098039215;81,3076923076923;
1549361801000;;;107,25;97,0142857142857;
1549361802000;;;116,57142857142858;109,63333333333334;
1549361803000;;;181,12857142857143;177,66197183098592;
1549361804000;;;104,61194029850746;99,57575757575758;
1549361805000;;;109,89473684210526;104,15789473684211;
1549361806000;;;80,44827586206897;78,48275862068965;
1549361807000;;;134,39655172413794;120,69491525423729;
1549361808000;;;143,0886075949367;139,16666666666669;
1549361809000;;;108,10169491525424;94,10169491525424;
1549361810000;;;117,80645161290323;115,81538461538462;
1549361811000;;;174,52380952380952;168,68333333333334;
1549361812000;;;98,93103448275862;89,27118644067797;
1549361813000;;;99,60317460317461;97,2741935483871;
1549361814000;;;158,63636363636363;148,08823529411762;
1549361815000;;;110,34482758620692;96,40350877192982;
1549361816000;;;132,5820895522388;126,6969696969697;
1549361817000;;;121,5072463768116;112,61111111111111;
1549361818000;;;153,640625;149,8688524590164;
1549361819000;;;97,0952380952381;85,375;
1549361820000;;;81,23214285714286;75,8;
1549361821000;;;175,69230769230768;163,06060606060606;
1549361822000;;;135,34246575342465;128,97222222222223;
1549361823000;;;164,50943396226415;154,62962962962962;
1549361824000;;;128,13698630136986;121,45833333333334;
1549361825000;;;106,75;101,68852459016394;
1549361826000;;;114,3076923076923;105,44615384615385;
1549361827000;;;117,08333333333334;107,6774193548387;
1549361828000;;;115,73134328358209;109,52307692307693;
1549361829000;;;145,5263157894737;137,91071428571428;
1549361830000;;;152,63013698630135;144,4109589041096;
1549361831000;;;108,16129032258064;96,890625;
1549361832000;;;105,96610169491525;105,28070175438596;
1549361833000;;;164,10256410256412;154,1139240506329;
1549361834000;;;97,16071428571429;95,25454545454545;
1549361835000;;;113,03389830508476;104,41666666666666;
1549361836000;;;142,66666666666669;125,73846153846155;
1549361837000;;;107,57142857142858;100,42857142857142;
1549361838000;;;113,97014925373135;100,91044776119404;
1549361839000;;;132,63934426229508;123,40983606557377;
1549361840000;;;167,46478873239437;161,38028169014086;
1549361841000;;;93,78260869565217;90,47826086956522;
1549361842000;;;125,40983606557377;117,6774193548387;
1549361843000;;;127,13924050632912;117,75;
1549361844000;;;86,08823529411765;78,80597014925374;
1549361845000;;;142,54237288135593;127,70491803278689;
1549361846000;;;126,01538461538462;115,46875;
1549361847000;;;126,60294117647058;120,1044776119403;
1549361848000;;;111,05660377358491;102,11320754716981;
1549361849000;;;129,95;116,61666666666666;
1549361850000;;;106,90625;92,84848484848484;
1549361851000;;;133,6891891891892;128,125;
1549361852000;;;163,07692307692307;156,07692307692307;
1549361853000;;;168,74285714285713;155,78571428571428;
1549361854000;;;121,484375;118,3015873015873;
1549361855000;;;104,58;100,81132075471699;
1549361856000;;;101,53731343283582;95,125;
1549361857000;;;107,640625;101,24615384615385;
1549361858000;;;153,9041095890411;143,66666666666666;
1549361859000;;;158,578125;146,65625;
1549361860000;;;128,21875;123,53125;
1549361861000;;;124,70491803278688;119,52459016393442;
1549361862000;;;103,078125;100,046875;
1549361863000;;;113,5;104,56666666666666;
1549361864000;;;139,7462686567164;129,07462686567163;
1549361865000;;;123,61971830985917;114,17391304347827;
1549361866000;;;158,10294117647058;152,55714285714288;
1549361867000;;;117,5;109,66129032258064;
1549361868000;;;166,42857142857142;150,7605633802817;
1549361869000;;;107,42857142857143;101,3;
1549361870000;;;130,82089552238807;120,90769230769232;
1549361871000;;;139,0344827586207;130,43333333333334;
1549361872000;;;181,62337662337663;172,6578947368421;
1549361873000;;;146,10144927536234;134,94285714285712;
1549361874000;;;114,93650793650792;109,9672131147541;
1549361875000;;;133,2923076923077;129,1076923076923;
1549361876000;;;119,0566037735849;116,33333333333334;
1549361877000;;;180,53731343283582;168,73529411764707;
1549361878000;;;105,67272727272727;102,01785714285714;
1549361879000;;;135,35526315789474;130,57534246575344;
1549361880000;;;150,23529411764707;143,97058823529412;
1549361881000;;;97,84507042253522;96,40845070422536;
1549361882000;;;105,66129032258065;97,703125;
1549361883000;;;102,83018867924528;99,82352941176471;
1549361884000;;;158,67241379310343;149,79661016949154;
1549361885000;;;152,62962962962962;143,4;
1549361886000;;;165,59459459459458;153,67123287671234;
1549361887000;;;146,0;136,48648648648648;
1549361888000;;;174,53846153846155;159,6875;
1549361889000;;;144,6969696969697;133,5151515151515;
1549361890000;;;102,2542372881356;98,88135593220338;
1549361891000;;;106,66101694915254;99,15254237288136;
1549361892000;;;84,375;78,5;
1549361893000;;;71,81944444444444;69,70833333333334;
1549361894000;;;64,73134328358209;58,5223880597015;
1549361895000;;;150,96491228070175;144,68421052631578;
1549361896000;;;159,25;151,75324675324674;
1549361897000;;;152,0149253731343;142,92537313432837;
1549361898000;;;88,95918367346938;84,0;
1549361899000;;;83,26415094339623;79,64814814814815;
1549361900000;;;124,5079365079365;116,93442622950819;
1549361901000;;;234,6578947368421;223,39473684210526;
1549361902000;;;194,3684210526316;185,25;
1549361903000;;;151,57746478873239;139,7887323943662;
1549361904000;;;112,9423076923077;108,0566037735849;
1549361905000;;;104,36363636363636;98,46296296296296;
1549361906000;;;115,84313725490196;109,75;
1549361907000;;;158,013698630137;149,18055555555554;
1549361908000;;;143,08108108108107;134,74666666666667;
1549361909000;;;203,63291139240508;191,78205128205127;
1549361910000;;;115,74137931034483;108,13559322033899;
1549361911000;;;119,4;116,5925925925926;
1549361912000;;;184,95081967213116;174,83870967741933;
1549361913000;;;90,01851851851852;83,33962264150944;
1549361914000;;;112,21818181818182;108,15789473684211;
1549361915000;;;184,72151898734174;173,84615384615387;
1549361916000;;;158,54929577464787;148,01408450704224;
1549361917000;;;138,6056338028169;127,61971830985915;
1549361918000;;;118,84126984126985;110,4375;
1549361919000;;;81,79166666666667;81,08695652173913;
1549361920000;;;102,16981132075472;100,0377358490566;
1549361921000;;;165,6184210526316;159,3421052631579;
1549361922000;;;128,32857142857142;112,38028169014085;
1549361923000;;;104,08928571428571;95,08928571428571;
1549361924000;;;174,52;164,64864864864865;
1549361925000;;;101,65573770491804;96,36065573770492;
1549361926000;;;93,36;90,74;
1549361927000;;;111,11111111111111;100,4920634920635;
1549361928000;;;157,52173913043478;149,1142857142857;
1549361929000;;;131,044776119403;123,39705882352942;
1549361930000;;;107,72881355932203;107,15789473684211;
1549361931000;;;152,04615384615386;139,8939393939394;
1549361932000;;;129,08064516129033;116,0952380952381;
1549361933000;;;125,98333333333333;118,55172413793103;
1549361934000;;;115,87272727272727;112,87272727272727;
1549361935000;;;128,1060606060606;125,59090909090908;
1549361936000;;;153,77586206896552;150,5593220338983;
1549361937000;;;142,6969696969697;136,35384615384615;
1549361938000;;;116,82278481012659;113,34177215189874;
1549361939000;;;125,95918367346938;116,22448979591837;
1549361940000;;;116,28571428571429;113,14285714285714;
1549361941000;;;102,29310344827586;97,34482758620689;
1549361942000;;;149,375;141,58461538461538;
1549361943000;;;196,53125;184,8125;
1549361944000;;;148,5441176470588;135,44776119402985;
1549361945000;;;173,4923076923077;161,0;
1549361946000;;;125,7910447761194;121,71641791044776;
1549361947000;;;112,38;99,36;
1549361948000;;;85,94545454545455;78,58928571428571;
1549361949000;;;130,80952380952382;122,88888888888887;
1549361950000;;;151,87671232876713;140,80555555555554;
1549361951000;;;146,68571428571428;140,54285714285714;
1549361952000;;;123,49295774647888;112,35211267605634;
1549361953000;;;104,89361702127658;100,9795918367347;
1549361954000;;;104,40983606557377;96,16949152542372;
1549361955000;;;110,56896551724138;95,41379310344827;
1549361956000;;;114,98507462686567;110,83823529411765;
1549361957000;;;130,9206349206349;121,54838709677419;
1549361958000;;;135,66666666666666;127,02739726027397;
1549361959000;;;146,75714285714287;137,05797101449275;
1549361960000;;;118,85416666666666;112,20408163265306;
1549361961000;;;86,06666666666666;78,76666666666667;
1549361962000;;;93,88888888888889;89,24193548387096;
1549361963000;;;148,45;138,8360655737705;
1549361964000;;;170,20289855072465;160,98550724637684;
1549361965000;;;136,9393939393939;129,88235294117646;
1549361966000;;;139,859375;129,5737704918033;
1549361967000;;;167,75806451612902;162,63492063492063;
1549361968000;;;111,70370370370371;105,01851851851852;
1549361969000;;;133,1875;124,296875;
1549361970000;;;129,64285714285714;127,12857142857143;
1549361971000;;;121,14035087719299;110,05357142857143;
1549361972000;;;125,5;124,2258064516129;
1549361973000;;;155,08955223880596;147,6086956521739;
1549361974000;;;117,12727272727273;114,30188679245283;
1549361975000;;;135,044776119403;130,2089552238806;
1549361976000;;;119,15;113,0655737704918;
1549361977000;;;104,17543859649123;99,56140350877193;
1549361978000;;;137,6031746031746;126,96923076923076;
1549361979000;;;117,12820512820512;108,96000000000001;
1549361980000;;;155,47540983606558;146,72131147540983;
1549361981000;;;127,29629629629629;117,60714285714286;
1549361982000;;;115,95161290322581;107,6;
1549361983000;;;83,86206896551725;77,89830508474577;
1549361984000;;;136,30645161290323;129,9193548387097;
1549361985000;;;123,17647058823529;114,32352941176471;
1549361986000;;;153,89473684210526;148,92857142857142;
1549361987000;;;194,11111111111111;181,33333333333334;
1549361988000;;;107,18333333333334;102,13114754098362;
1549361989000;;;134,61016949152543;123,11666666666666;
1549361990000;;;117,76923076923077;110,12698412698413;
1549361991000;;;160,35;147,33870967741936;
1549361992000;;;139,18032786885246;132,9830508474576;
1549361993000;;;148,47692307692307;140,33846153846156;
1549361994000;;;121,625;116,41666666666666;
1549361995000;;;154,98360655737704;148,78688524590163;
1549361996000;;;88,29629629629629;85,85454545454544;
1549361997000;;;116,24193548387096;104,33870967741936;
1549361998000;;;104,73913043478261;100,75;
1549361999000;;;124,91228070175438;114,30508474576271;
1549362000000;;;163,42857142857142;153,85714285714286;
1549362001000;;;174,59154929577466;165,92753623188406;
1549362002000;;;122,57627118644068;113,62711864406779;
1549362003000;;;99,24528301886792;86,64814814814815;
1549362004000;;;138,40625;122,9375;
1549362005000;;;120,85294117647058;111,46268656716418;
1549362006000;;;141,21052631578948;132,01724137931035;
1549362007000;;;96,43333333333334;93,03389830508475;
1549362008000;;;212,98684210526315;207,01315789473685;
1549362009000;;;124,23529411764706;124,23529411764706;
1549362010000;;;111,35;106,83333333333334;
1549362011000;;;103,9344262295082;96,49180327868852;
1549362012000;;;129,7462686567164;123,46268656716418;
1549362013000;;;133,13432835820896;118,39130434782608;
1549362014000;;;112,09230769230768;107,734375;
1549362015000;;;121,16129032258065;111,16129032258064;
1549362016000;;;93,4888888888889;81,68181818181819;
1549362017000;;;89,08;85,74;
1549362018000;;;133,375;125,671875;
1549362019000;;;165,84615384615384;159,63291139240508;
1549362020000;;;103,47368421052632;99,14035087719299;
1549362021000;;;129,8548387096774;124,69354838709677;
1549362022000;;;166,70833333333334;153,28169014084506;
1549362023000;;;104,8913043478261;97,80851063829788;
1549362024000;;;99,95918367346938;92,42857142857143;
1549362025000;;;135,63492063492063;125,20967741935485;
1549362026000;;;190,15068493150687;182,64383561643837;
1549362027000;;;156,21739130434784;143,231884057971;
1549362028000;;;149,66666666666666;141,89473684210526;
1549362029000;;;114,59322033898306;109,42372881355932;
1549362030000;;;121,9;119,60655737704919;
1549362031000;;;111,1923076923077;108,28301886792453;
1549362032000;;;147,296875;134,7741935483871;
1549362033000;;;152,75;145,453125;
1549362034000;;;132,15873015873015;124,12698412698414;
1549362035000;;;178,53225806451616;175,56451612903226;
1549362036000;;;149,83582089552237;136,2985074626866;
1549362037000;;;95,29545454545455;93,4090909090909;
1549362038000;;;114,85915492957747;103,4929577464789;
1549362039000;;;153,51666666666668;141,27868852459017;
1549362040000;;;120,5;114,52631578947368;
1549362041000;;;105,41935483870968;102,64516129032259;
1549362042000;;;102,44776119402985;95,02941176470588;
1549362043000;;;129,67605633802816;117,9;
1549362044000;;;112,01754385964912;102,47368421052632;
1549362045000;;;88,78;83,0;
1549362046000;;;140,53225806451613;128,36507936507937;
1549362047000;;;122,27692307692308;113,203125;
1549362048000;;;94,640625;89,27692307692308;
1549362049000;;;101,91803278688525;101,16666666666666;
1549362050000;;;141,05555555555554;128,375;
1549362051000;;;86,48979591836735;78,6734693877551;
1549362052000;;;107,18644067796609;98,23728813559323;
1549362053000;;;158,47692307692307;145,1818181818182;
1549362054000;;;131,08823529411762;122,1492537313433;
1549362055000;;;105,31343283582089;101,88059701492537;
1549362056000;;;94,73684210526316;88,71929824561404;
1549362057000;;;138,5873015873016;133,88888888888889;
1549362058000;;;79,95918367346938;73,2156862745098;
1549362059000;;;114,38888888888889;110,96153846153847;
1549362060000;;;180,0857142857143;168,8732394366197;
1549362061000;;;148,62295081967213;136,24193548387098;
1549362062000;;;110,90163934426229;103,4915254237288;
1549362063000;;;102,984375;97,515625;
1549362064000;;;78,47540983606558;77,55737704918033;
1549362065000;;;82,0;78,79591836734694;
1549362066000;;;68,07272727272728;67,01818181818182;
1549362067000;;;139,36507936507937;131,625;
1549362068000;;;119,8030303030303;109,76923076923077;
1549362069000;;;114,56338028169014;106,05633802816901;
1549362070000;;;80,22413793103448;73,43103448275862;
1549362071000;;;100,0;95,6923076923077;
1549362072000;;;119,35593220338983;110,04918032786887;
1549362073000;;;126,76666666666668;118,91525423728814;
1549362074000;;;101,22222222222223;84,57692307692308;
1549362075000;;;115,81012658227849;108,125;
1549362076000;;;113,65454545454546;107,48148148148148;
1549362077000;;;130,10169491525423;122,95081967213115;
1549362078000;;;154,1060606060606;141,90625;
1549362079000;;;96,26530612244898;95,42857142857142;
1549362080000;;;99,19607843137256;95,80392156862744;
1549362081000;;;101,59722222222223;97,63888888888889;
1549362082000;;;135,1206896551724;133,17241379310343;
1549362083000;;;99,68253968253968;98,01587301587301;
1549362084000;;;75,06451612903226;71,0;
1549362085000;;;99,01754385964912;96,06896551724138;
1549362086000;;;98,13207547169812;92,15384615384616;
1549362087000;;;123,89655172413794;114,91525423728814;
1549362088000;;;106,15;98,73333333333333;
1549362089000;;;134,26984126984127;123,66666666666666;
1549362090000;;;104,28358208955225;97,46969696969697;
1549362091000;;;83,08620689655173;79,75862068965517;
1549362092000;;;130,31147540983608;122,3225806451613;
1549362093000;;;111,53846153846153;99,90384615384615;
1549362094000;;;108,06382978723403;104,65217391304347;
1549362095000;;;117,91525423728814;114,4;
1549362096000;;;144,23529411764707;133,15942028985506;
1549362097000;;;149,44827586206895;136,85714285714286;
1549362098000;;;123,0655737704918;115,74603174603175;
1549362099000;;;86,75438596491227;81,65454545454546;
1549362100000;;;90,36734693877551;86,12244897959184;
1549362101000;;;108,05454545454545;102,14545454545456;
1549362102000;;;92,04761904761905;84,98412698412699;
1549362103000;;;124,61290322580645;116,5;
1549362104000;;;123,41176470588236;116,4423076923077;
1549362105000;;;109,51666666666667;102,79661016949152;
1549362106000;;;126,42592592592592;122,03703703703702;
1549362107000;;;104,6;101,51666666666668;
1549362108000;;;91,9056603773585;82,62264150943398;
1549362109000;;;73,09259259259258;63,81481481481482;
1549362110000;;;119,03225806451613;111,75806451612904;
1549362111000;;;79,17241379310344;75,74137931034483;
1549362112000;;;94,0625;84,83333333333333;
1549362113000;;;106,390625;97,671875;
1549362114000;;;122,796875;110,25757575757575;
1549362115000;;;82,8936170212766;75,2127659574468;
1549362116000;;;102,65454545454546;94,70370370370371;
1549362117000;;;113,01538461538462;110,15151515151516;
1549362118000;;;132,4915254237288;128,1578947368421;
1549362119000;;;127,33898305084746;118,77966101694915;
1549362120000;;;137,6346153846154;124,36538461538461;
1549362121000;;;125,37704918032787;119,3225806451613;
1549362122000;;;124,12962962962963;116,20754716981132;
1549362123000;;;140,53030303030303;137,13636363636363;
1549362124000;;;79,9090909090909;75,76363636363637;
1549362125000;;;105,10526315789474;97,17543859649123;
1549362126000;;;115,61904761904762;111,25396825396825;
1549362127000;;;150,2037037037037;144,07142857142858;
1549362128000;;;112,1896551724138;97,48214285714286;
1549362129000;;;87,71111111111111;81,84444444444445;
1549362130000;;;150,328125;139,625;
1549362131000;;;92,8;82,86274509803921;
1549362132000;;;124,95238095238093;122,92063492063491;
1549362133000;;;169,0806451612903;151,96825396825398;
1549362134000;;;86,26923076923077;82,3;
1549362135000;;;106,72222222222223;102,09259259259258;
1549362136000;;;92,33333333333334;81,22807017543862;
1549362137000;;;181,43859649122808;170,39655172413794;
1549362138000;;;110,3157894736842;103,21052631578948;
1549362139000;;;95,0142857142857;91,25714285714285;
1549362140000;;;90,34042553191489;84,53191489361703;
1549362141000;;;101,19298245614036;91,75438596491227;
1549362142000;;;86,5;81,50909090909092;
1549362143000;;;89,70588235294117;85,55102040816327;
1549362144000;;;97,90322580645162;94,1774193548387;
1549362145000;;;111,37704918032787;107,01639344262296;
1549362146000;;;129,40677966101694;124,0677966101695;
1549362147000;;;93,71186440677965;86,36666666666666;
1549362148000;;;146,46153846153845;133,69811320754718;
1549362149000;;;74,34;68,60416666666667;
1549362150000;;;92,86792452830188;88,84905660377359;
1549362151000;;;136,3235294117647;126,23529411764706;
1549362152000;;;97,22033898305085;86,01639344262296;
1549362153000;;;87,21818181818182;78,50943396226415;
1549362154000;;;115,140625;108,75;
1549362155000;;;149,39622641509433;145,50943396226415;
1549362156000;;;100,9433962264151;94,0909090909091;
1549362157000;;;93,04255319148936;86,44444444444443;
1549362158000;;;90,61538461538461;86,46969696969697;
1549362159000;;;124,08771929824562;114,51724137931035;
1549362160000;;;183,35616438356163;179,3943661971831;
1549362161000;;;122,1923076923077;118,51923076923077;
1549362162000;;;140,08333333333331;134,85;
1549362163000;;;91,23913043478261;84,97872340425532;
1549362164000;;;92,15789473684211;89,45614035087719;
1549362165000;;;123,42028985507247;118,5;
1549362166000;;;141,83636363636364;132,58928571428572;
1549362167000;;;109,7258064516129;102,61290322580645;
1549362168000;;;155,16129032258064;143,70967741935485;
1549362169000;;;147,51724137931035;137,8421052631579;
1549362170000;;;93,9433962264151;89,71698113207546;
1549362171000;;;123,16071428571429;120,875;
1549362172000;;;106,84905660377359;100,75925925925927;
1549362173000;;;127,37931034482759;122,79310344827586;
1549362174000;;;154,2;147,04054054054055;
1549362175000;;;88,4423076923077;82,90384615384616;
1549362176000;;;141,9344262295082;134,63934426229508;
1549362177000;;;90,375;80,39285714285714;
1549362178000;;;118,25531914893617;112,38297872340425;
1549362179000;;;116,34615384615385;108,81132075471699;
1549362180000;;;120,14864864864865;114,91891891891892;
1549362181000;;;143,64615384615385;134,765625;
1549362182000;;;129,3684210526316;121,89473684210526;
1549362183000;;;136,98;131,31372549019608;
1549362184000;;;108,05357142857142;103,67272727272727;
1549362185000;;;110,08163265306123;103,86274509803921;
1549362186000;;;114,51515151515152;107,44615384615385;
1549362187000;;;119,41935483870967;116,2258064516129;
1549362188000;;;106,0952380952381;97,74193548387096;
1549362189000;;;154,0;145,65573770491804;
1549362190000;;;117,98387096774192;106,87096774193549;
1549362191000;;;106,25641025641026;95,47368421052632;
1549362192000;;;88,35714285714286;85,16071428571429;
1549362193000;;;116,91379310344828;113,93103448275862;
1549362194000;;;106,81967213114754;98,40322580645162;
1549362195000;;;105,1470588235294;99,7910447761194;
1549362196000;;;143,13793103448276;137,0677966101695;
1549362197000;;;121,19298245614034;111,53571428571429;
1549362198000;;;99,42553191489361;93,5;
1549362199000;;;104,20408163265306;97,66;
1549362200000;;;117,45901639344262;112,54237288135593;
1549362201000;;;134,42424242424244;126,73529411764706;
1549362202000;;;156,74647887323943;145,18840579710144;
1549362203000;;;133,75;123,8048780487805;
1549362204000;;;114,81967213114754;108,26666666666667;
1549362205000;;;108,12765957446808;103,66666666666667;
1549362206000;;;113,22033898305085;103,30508474576271;
1549362207000;;;89,23728813559322;84,20689655172414;
1549362208000;;;123,55932203389831;119,38983050847457;
1549362209000;;;148,56060606060606;142,0151515151515;
1549362210000;;;117,56862745098039;108,3076923076923;
1549362211000;;;119,52727272727273;109,11111111111111;
1549362212000;;;90,38636363636364;85,26666666666667;
1549362213000;;;135,80327868852459;123,04838709677419;
1549362214000;;;137,7076923076923;131,90625;
1549362215000;;;128,96491228070175;118,66071428571429;
1549362216000;;;125,68181818181817;121,0;
1549362217000;;;98,875;91,5531914893617;
1549362218000;;;169,171875;162,359375;
1549362219000;;;91,3061224489796;81,44;
1549362220000;;;137,16129032258067;124,90322580645162;
1549362221000;;;176,9206349206349;165,48387096774192;
1549362222000;;;115,55357142857142;104,75;
1549362223000;;;136,60714285714286;126,33928571428571;
1549362224000;;;130,5483870967742;122,37096774193549;
1549362225000;;;140,96226415094338;132,30188679245282;
1549362226000;;;136,59259259259258;128,01785714285714;
1549362227000;;;115,2280701754386;107,78947368421052;
1549362228000;;;118,14754098360656;105,69491525423729;
1549362229000;;;110,36734693877551;101,53061224489795;
1549362230000;;;148,15;143,1;
1549362231000;;;147,5;139,75;
1549362232000;;;169,69841269841268;168,57142857142858;
1549362233000;;;94,29545454545455;87,18181818181819;
1549362234000;;;158,86111111111111;150,45833333333331;
1549362235000;;;132,53571428571428;122,28571428571429;
1549362236000;;;122,87272727272727;118,56363636363636;
1549362237000;;;99,09803921568627;96,01923076923077;
1549362238000;;;98,92857142857143;90,64285714285714;
1549362239000;;;103,72727272727272;98,54545454545455;
1549362240000;;;132,57692307692307;119,25;
1549362241000;;;160,45762711864407;153,5;
1549362242000;;;108,19642857142857;103,57894736842105;
1549362243000;;;124,45614035087719;115,19642857142858;
1549362244000;;;146,82978723404256;130,14583333333334;
1549362245000;;;188,75;171,72058823529412;
1549362246000;;;118,8225806451613;111,31746031746032;
1549362247000;;;81,92307692307692;74,1923076923077;
1549362248000;;;102,05555555555556;95,60377358490567;
1549362249000;;;116,61111111111111;111,16981132075472;
1549362250000;;;134,88524590163934;127,85714285714285;
1549362251000;;;125,50980392156863;111,47999999999999;
1549362252000;;;138,09375;124,73015873015873;
1549362253000;;;109,12068965517241;98,24137931034483;
1549362254000;;;85,24444444444444;82,1086956521739;
1549362255000;;;189,8904109589041;184,83561643835617;
1549362256000;;;114,51785714285715;101,40000000000002;
1549362257000;;;80,7843137254902;72,71698113207546;
1549362258000;;;95,01724137931035;88,03571428571429;
1549362259000;;;92,71929824561404;83,64912280701755;
1549362260000;;;146,62264150943398;140,56603773584905;
1549362261000;;;128,12962962962962;122,03703703703704;
1549362262000;;;161,33333333333334;154,96491228070175;
1549362263000;;;97,79629629629629;92,94444444444444;
1549362264000;;;141,3230769230769;128,27272727272728;
1549362265000;;;89,78048780487805;83,525;
1549362266000;;;144,63636363636363;142,73214285714286;
1549362267000;;;177,609375;167,859375;
1549362268000;;;162,62264150943398;151,18867924528303;
1549362269000;;;111,4;106,46428571428571;
1549362270000;;;112,05555555555556;103,56603773584905;
1549362271000;;;146,46031746031747;138,71428571428572;
1549362272000;;;119,9607843137255;114,6078431372549;
1549362273000;;;113,01851851851852;104,9245283018868;
1549362274000;;;115,95588235294119;109,33823529411764;
1549362275000;;;113,71739130434783;102,06382978723404;
1549362276000;;;203,52380952380952;197,98387096774192;
1549362277000;;;89,84;85,86274509803921;
1549362278000;;;107,8448275862069;98,98245614035088;
1549362279000;;;156,01818181818183;143,12727272727273;
1549362280000;;;146,625;141,0701754385965;
1549362281000;;;111,58181818181818;102,23636363636363;
1549362282000;;;92,68;78,1;
1549362283000;;;151,56896551724137;143,28070175438597;
1549362284000;;;105,14285714285714;100,05882352941177;
1549362285000;;;109,83870967741935;100,24590163934427;
1549362286000;;;96,46153846153847;88,36538461538461;
1549362287000;;;89,89795918367346;84,6938775510204;
1549362288000;;;86,72727272727272;81,79629629629629;
1549362289000;;;116,69811320754717;109,15094339622641;
1549362290000;;;118,72727272727272;114,09090909090908;
1549362291000;;;111,49019607843137;104,64705882352942;
1549362292000;;;127,84;122,58;
1549362293000;;;118,83018867924528;113,09433962264151;
1549362294000;;;125,89473684210526;114,3157894736842;
1549362295000;;;141,24615384615385;135,96923076923076;
1549362296000;;;99,9795918367347;90,46938775510205;
1549362297000;;;116,39622641509433;112,47169811320755;
1549362298000;;;93,40384615384616;89,86792452830188;
1549362299000;;;100,89090909090909;96,16666666666666;
1549362300000;;;113,47272727272727;106,67857142857142;
1549362301000;;;113,08771929824562;103,28571428571429;
1549362302000;;;96,66101694915254;93,01694915254237;
1549362303000;;;125,76470588235294;120,88461538461539;
1549362304000;;;94,97777777777777;85,54545454545453;
1549362305000;;;73,49056603773585;68,9622641509434;
1549362306000;;;136,13846153846154;127,67692307692307;
1549362307000;;;134,23728813559325;126,46666666666667;
1549362308000;;;86,81481481481482;83,0377358490566;
1549362309000;;;113,6530612244898;111,57142857142857;
1549362310000;;;122,7560975609756;116,54761904761905;
1549362311000;;;154,49180327868854;143,55;
1549362312000;;;92,75438596491227;86,78947368421052;
1549362313000;;;124,12068965517241;119,45762711864407;
1549362314000;;;82,7017543859649;73,50877192982456;
1549362315000;;;116,05555555555556;108,87037037037037;
1549362316000;;;111,0204081632653;105,71428571428571;
1549362317000;;;115,91836734693877;114,74;
1549362318000;;;134,33333333333331;122,5;
1549362319000;;;105,34545454545454;99,83018867924528;
1549362320000;;;112,88333333333334;112,88333333333334;
1549362321000;;;120,66666666666666;113,47368421052632;
1549362322000;;;80,1875;76,52083333333334;
1549362323000;;;88,98148148148148;87,20370370370371;
1549362324000;;;114,18367346938776;108,58000000000001;
1549362325000;;;107,51063829787235;102,27083333333334;
1549362326000;;;99,74509803921569;89,75510204081633;
1549362327000;;;138,88333333333333;131,25;
1549362328000;;;89,74509803921569;81,29411764705881;
1549362329000;;;111,16363636363637;101,8909090909091;
1549362330000;;;111,3859649122807;107,82456140350877;
1549362331000;;;104,11904761904762;94,4047619047619;
1549362332000;;;133,07999999999998;123,86;
1549362333000;;;95,64150943396227;88,69811320754717;
1549362334000;;;143,45454545454544;137,87272727272727;
1549362335000;;;119,51020408163265;114,24489795918367;
1549362336000;;;133,46875;122,25;
1549362337000;;;116,75555555555556;111,35555555555555;
1549362338000;;;100,79591836734694;93,26530612244898;
1549362339000;;;139,74468085106383;135,6595744680851;
1549362340000;;;91,66037735849056;86,56603773584905;
1549362341000;;;125,25;120,41666666666666;
1549362342000;;;100,37777777777778;97,88888888888889;
1549362343000;;;100,34545454545454;98,9090909090909;
1549362344000;;;171,93548387096774;163,29032258064515;
1549362345000;;;126,75471698113208;120,79629629629629;
1549362346000;;;127,71794871794872;116,60526315789474;
1549362347000;;;80,92156862745098;75,49019607843137;
1549362348000;;;117,40816326530613;111,37254901960785;
1549362349000;;;131,03076923076924;120,203125;
1549362350000;;;112,60655737704919;107,14754098360655;
1549362351000;;;62,48148148148149;52,35849056603773;
1549362352000;;;76,51351351351352;75,23684210526316;
1549362353000;;;127,96226415094341;123,32692307692307;
1549362354000;;;86,90697674418604;81,59090909090908;
1549362355000;;;112,66666666666666;104,73214285714286;
1549362356000;;;135,86;126,92156862745098;
1549362357000;;;111,36842105263158;104,96428571428571;
1549362358000;;;122,40322580645162;117,38709677419355;
1549362359000;;;92,21951219512195;82,71428571428571;
1549362360000;;;84,76744186046511;79,64285714285714;
1549362361000;;;58,951219512195124;54,68292682926829;
1549362362000;;;145,828125;139,53846153846155;
1549362363000;;;97,24074074074073;90,35185185185185;
1549362364000;;;93,3061224489796;80,91666666666666;
1549362365000;;;113,01587301587301;107,96875;
1549362366000;;;103,16216216216216;97,86111111111111;
1549362367000;;;149,33962264150944;144,43396226415095;
1549362368000;;;103,64;95,0392156862745;
1549362369000;;;96,64150943396227;93,38461538461539;
1549362370000;;;129,5625;124,51020408163265;
1549362371000;;;132,91525423728814;120,2542372881356;
1549362372000;;;142,47457627118644;131,57627118644066;
1549362373000;;;106,64;90,20408163265306;
1549362374000;;;101,38095238095238;98,0;
1549362375000;;;88,53333333333333;81,62222222222222;
1549362376000;;;156,21052631578948;149,35087719298247;
1549362377000;;;158,66666666666669;148,9393939393939;
1549362378000;;;88,80851063829788;80,8125;
1549362379000;;;106,23529411764706;97,23529411764706;
1549362380000;;;92,39655172413794;88,82456140350877;
1549362381000;;;144,61904761904762;135,93023255813952;
1549362382000;;;63,1219512195122;59,29268292682927;
1549362383000;;;126,47540983606558;115,90163934426228;
1549362384000;;;88,65306122448979;76,60416666666666;
1549362385000;;;128,07272727272726;118,78181818181818;
1549362386000;;;138,09677419354838;133,48387096774192;
1549362387000;;;97,68085106382979;96,36170212765957;
1549362388000;;;114,07317073170732;107,09756097560975;
1549362389000;;;75,47826086956522;67,65217391304347;
1549362390000;;;105,5576923076923;101,75;
1549362391000;;;127,22033898305085;125,36666666666666;
1549362392000;;;144,54901960784315;135,9;
1549362393000;;;131,79310344827587;125,56896551724137;
1549362394000;;;88,2156862745098;79,68627450980392;
1549362395000;;;114,85714285714285;108,35999999999999;
1549362396000;;;90,4;87,81818181818181;
1549362397000;;;123,08928571428571;118,24561403508771;
1549362398000;;;100,46153846153847;95,35897435897436;
1549362399000;;;131,17307692307693;128,0754716981132;
1549362400000;;;176,32835820895522;162,65151515151516;
1549362401000;;;135,50980392156862;123,16;
1549362402000;;;121,15686274509804;118,52941176470588;
1549362403000;;;108,8157894736842;94,86842105263158;
1549362404000;;;94,83018867924528;89,9056603773585;
1549362405000;;;110,25490196078431;108,23529411764706;
1549362406000;;;167,72727272727272;160,0;
1549362407000;;;131,83333333333331;119,30909090909091;
1549362408000;;;108,95652173913044;99,08695652173913;
1549362409000;;;134,140350877193;127,5;
1549362410000;;;104,44444444444444;95,37777777777778;
1549362411000;;;93,5;88,76785714285714;
1549362412000;;;90,01960784313725;85,41176470588235;
1549362413000;;;123,30188679245283;116,49056603773585;
1549362414000;;;114,83928571428571;112,36842105263158;
1549362415000;;;98,7;90,87179487179488;
1549362416000;;;147,33333333333334;138,96363636363637;
1549362417000;;;111,47058823529412;99,84313725490196;
1549362418000;;;120,54385964912282;114,75;
1549362419000;;;105,175;95,2;
1549362420000;;;144,72131147540983;139,65573770491804;
1549362421000;;;118,52000000000001;109,62;
1549362422000;;;128,46511627906978;113,23255813953489;
1549362423000;;;144,38181818181818;129,6;
1549362424000;;;98,6086956521739;97,82608695652173;
1549362425000;;;118,54545454545453;115,7818181818182;
1549362426000;;;110,8;106,55357142857142;
1549362427000;;;122,84313725490196;113,16;
1549362428000;;;111,3921568627451;103,20754716981132;
1549362429000;;;83,0;80,33333333333333;
1549362430000;;;144,96153846153845;132,44230769230768;
1549362431000;;;125,69811320754717;114,0;
1549362432000;;;110,18;103,16326530612244;
1549362433000;;;132,5;126,88636363636364;
1549362434000;;;118,74074074074073;111,01851851851852;
1549362435000;;;122,64705882352942;116,04347826086956;
1549362436000;;;89,90697674418604;88,16666666666666;
1549362437000;;;120,30188679245283;119,98113207547169;
1549362438000;;;74,70833333333334;72,9375;
1549362439000;;;104,58695652173913;99,9782608695652;
1549362440000;;;97,54545454545455;93,25;
1549362441000;;;113,66666666666666;99,42105263157895;
1549362442000;;;157,25862068965517;149,94915254237287;
1549362443000;;;97,52000000000001;90,70833333333333;
1549362444000;;;106,51923076923077;97,43396226415095;
1549362445000;;;78,28888888888889;66,86363636363636;
1549362446000;;;109,1153846153846;101,33962264150944;
1549362447000;;;113,06;104,36;
1549362448000;;;111,68333333333334;107,83050847457628;
1549362449000;;;115,13559322033899;108,47457627118644;
1549362450000;;;79,32432432432432;74,15789473684211;
1549362451000;;;131,18644067796612;121,27586206896551;
1549362452000;;;107,57777777777778;99,53333333333333;
1549362453000;;;121,3448275862069;113,75862068965517;
1549362454000;;;112,72340425531915;104,375;
1549362455000;;;129,8;121,29629629629629;
1549362456000;;;118,26785714285714;109,33898305084746;
1549362457000;;;81,575;74,97297297297297;
1549362458000;;;122,56603773584906;118,43396226415094;
1549362459000;;;98,81818181818181;94,4;
1549362460000;;;116,73584905660377;114,61111111111111;
1549362461000;;;142,26190476190476;123,26829268292683;
1549362462000;;;140,35714285714286;132,23214285714286;
1549362463000;;;123,37254901960785;112,01960784313725;
1549362464000;;;115,44186046511628;110,09302325581396;
1549362465000;;;146,14583333333334;139,85714285714286;
1549362466000;;;190,703125;181,11111111111111;
1549362467000;;;92,43636363636364;84,03571428571429;
1549362468000;;;96,16279069767442;82,21428571428571;
1549362469000;;;99,10416666666666;94,45833333333334;
1549362470000;;;185,265625;175,78125;
1549362471000;;;124,91666666666666;116,14583333333334;
1549362472000;;;122,91489361702128;118,12765957446808;
1549362473000;;;91,06976744186046;87,48837209302326;
1549362474000;;;144,35087719298247;129,36206896551724;
1549362475000;;;156,45;143,70491803278688;
1549362476000;;;118,66071428571429;110,03703703703704;
1549362477000;;;107,86274509803921;107,25490196078431;
1549362478000;;;96,13333333333334;88,26666666666667;
1549362479000;;;124,7;117,2;
1549362480000;;;99,35555555555555;89,84782608695653;
1549362481000;;;121,49019607843137;109,6;
1549362482000;;;137,01538461538462;126,6;
1549362483000;;;145,07692307692307;142,57692307692307;
1549362484000;;;128,21428571428572;125,51785714285714;
1549362485000;;;94,22727272727272;81,0909090909091;
1549362486000;;;95,91071428571429;88,85964912280701;
1549362487000;;;78,33333333333333;71,29787234042553;
1549362488000;;;110,3846153846154;101,07692307692307;
1549362489000;;;119,92857142857142;109,66071428571429;
1549362490000;;;119,90196078431373;112,86274509803921;
1549362491000;;;105,74509803921569;97,23076923076923;
1549362492000;;;100,4090909090909;96,56818181818181;
1549362493000;;;137,73333333333332;130,86666666666667;
1549362494000;;;85,17021276595744;73,06521739130434;
1549362495000;;;107,61224489795919;105,58000000000001;
1549362496000;;;142,36363636363637;128,38888888888889;
1549362497000;;;106,06818181818181;98,04545454545455;
1549362498000;;;126,32758620689654;113,26229508196721;
1549362499000;;;69,27777777777777;59,50980392156863;
1549362500000;;;85,62790697674419;83,93181818181819;
1549362501000;;;93,36734693877551;87,34693877551021;
1549362502000;;;115,07692307692308;107,09803921568627;
1549362503000;;;167,18367346938774;159,18367346938777;
1549362504000;;;113,76;103,3921568627451;
1549362505000;;;72,61224489795919;67,625;
1549362506000;;;109,33333333333334;97,22222222222223;
1549362507000;;;161,81967213114754;152,0327868852459;
1549362508000;;;104,43589743589743;99,4390243902439;
1549362509000;;;119,50980392156863;105,83673469387756;
1549362510000;;;115,71111111111111;100,42222222222222;
1549362511000;;;123,78;117,47058823529412;
1549362512000;;;112,1090909090909;106,4074074074074;
1549362513000;;;84,12765957446808;76,57446808510639;
1549362514000;;;92,07692307692308;88,96153846153847;
1549362515000;;;67,4054054054054;60,631578947368425;
1549362516000;;;95,46428571428571;87,75;
1549362517000;;;103,13725490196079;99,62;
1549362518000;;;107,24489795918367;101,9795918367347;
1549362519000;;;120,66666666666666;112,90740740740742;
1549362520000;;;123,02222222222223;118,47826086956522;
1549362521000;;;128,5818181818182;112,875;
1549362522000;;;86,86111111111111;83,02941176470588;
1549362523000;;;118,35185185185185;111,96296296296296;
1549362524000;;;121,82222222222222;114,80851063829788;
1549362525000;;;158,73684210526315;139,6909090909091;
1549362526000;;;108,22033898305085;98,56666666666666;
1549362527000;;;97,61904761904763;88,5;
1549362528000;;;88,38;82,0204081632653;
1549362529000;;;94,6590909090909;89,17777777777778;
1549362530000;;;94,26;85,42857142857143;
1549362531000;;;116,61363636363636;108,17777777777778;
1549362532000;;;153,42307692307693;142,9811320754717;
1549362533000;;;113,74545454545455;104,77777777777777;
1549362534000;;;124,94117647058823;121,44;
1549362535000;;;95,31481481481481;91,5;
1549362536000;;;69,47368421052632;66,25;
1549362537000;;;105,54385964912282;94,03636363636363;
1549362538000;;;136,30612244897958;136,30612244897958;
1549362539000;;;137,92156862745097;125,0;
1549362540000;;;110,54098360655738;106,13333333333334;
1549362541000;;;101,53061224489795;84,57142857142857;
1549362542000;;;72,78571428571429;68,83720930232559;
1549362543000;;;79,73529411764706;70,97142857142858;
1549362544000;;;196,07246376811594;183,82352941176472;
1549362545000;;;114,67391304347827;102,56521739130434;
1549362546000;;;89,02564102564102;85,94736842105263;
1549362547000;;;143,14754098360655;137,6451612903226;
1549362548000;;;82,59183673469389;77,375;
1549362549000;;;83,76086956521739;73,93478260869566;
1549362550000;;;117,01785714285714;106,94642857142857;
1549362551000;;;139,46428571428572;129,94736842105266;
1549362552000;;;89,075;76,63414634146342;
1549362553000;;;75,96296296296296;70,82692307692308;
1549362554000;;;124,90384615384615;120,21153846153847;
1549362555000;;;103,22727272727272;95,4;
1549362556000;;;107,37931034482759;99,9298245614035;
1549362557000;;;112,77777777777777;104,65957446808511;
1549362558000;;;86,92156862745098;80,67346938775509;
1549362559000;;;99,13207547169812;94,0;
1549362560000;;;90,37209302325581;82,72093023255815;
1549362561000;;;135,0701754385965;120,9298245614035;
1549362562000;;;125,37735849056604;114,85185185185185;
1549362563000;;;89,97916666666667;78,57142857142857;
1549362564000;;;81,19565217391305;72,70454545454545;
1549362565000;;;145,3050847457627;134,31666666666666;
1549362566000;;;113,64102564102564;109,86842105263159;
1549362567000;;;103,79591836734694;101,06;
1549362568000;;;93,3076923076923;83,07843137254902;
1549362569000;;;78,71698113207546;73,67924528301887;
1549362570000;;;103,33333333333334;100,91666666666666;
1549362571000;;;87,02380952380952;79,27906976744185;
1549362572000;;;129,39285714285714;124,51785714285714;
1549362573000;;;95,85365853658536;83,85;
1549362574000;;;92,42222222222222;84,59574468085107;
1549362575000;;;101,92307692307692;95,44;
1549362576000;;;110,72549019607843;103,52830188679245;
1549362577000;;;147,57142857142858;131,80851063829786;
1549362578000;;;105,04255319148936;100,20408163265306;
1549362579000;;;134,32692307692307;127,82;
1549362580000;;;97,15384615384615;87,57407407407408;
1549362581000;;;71,69047619047619;68,6;
1549362582000;;;101,89090909090909;94,98181818181817;
1549362583000;;;114,72916666666667;102,45833333333333;
1549362584000;;;162,70689655172413;148,79661016949154;
1549362585000;;;98,65116279069767;87,52380952380952;
1549362586000;;;134,4655172413793;126,98305084745762;
1549362587000;;;110,02564102564102;106,44736842105263;
1549362588000;;;113,10204081632654;104,10204081632654;
1549362589000;;;121,0327868852459;113,77049180327869;
1549362590000;;;101,44444444444444;83,72727272727272;
1549362591000;;;96,98;94,88;
1549362592000;;;120,5813953488372;109,81818181818181;
1549362593000;;;99,74137931034483;90,67857142857143;
1549362594000;;;114,96428571428571;103,53571428571429;
1549362595000;;;115,54901960784314;112,11764705882354;
1549362596000;;;97,95348837209302;89,04444444444444;
1549362597000;;;92,64;84,36734693877551;
1549362598000;;;77,40384615384616;66,98039215686273;
1549362599000;;;122,41304347826087;110,19148936170212;
1549362600000;;;116,52727272727273;104,70909090909092;
1549362601000;;;120,65384615384615;112,94117647058823;
1549362602000;;;119,42592592592592;113,67272727272727;
1549362603000;;;97,91111111111111;91,72727272727272;
1549362604000;;;87,1304347826087;83,65217391304347;
1549362605000;;;97,74;84,86;
1549362606000;;;119,81632653061224;115,62745098039215;
1549362607000;;;142,26315789473685;131,92727272727274;
1549362608000;;;117,93617021276596;112,54166666666666;
1549362609000;;;123,12244897959184;120,26;
1549362610000;;;84,9047619047619;74,325;
1549362611000;;;147,86274509803923;143,15686274509804;
1549362612000;;;97,36;97,36;
1549362613000;;;136,58;126,90566037735849;
1549362614000;;;133,98275862068965;130,64285714285714;
1549362615000;;;89,54545454545455;83,72093023255815;
1549362616000;;;93,84313725490196;84,40384615384616;
1549362617000;;;92,54166666666667;83,65957446808511;
1549362618000;;;86,97916666666666;85,35416666666666;
1549362619000;;;107,04255319148936;98,91666666666667;
1549362620000;;;123,26530612244898;112,25;
1549362621000;;;85,56140350877192;84,6842105263158;
1549362622000;;;95,86046511627906;84,09302325581396;
1549362623000;;;125,95833333333334;117,75;
1549362624000;;;136,02083333333334;125,1875;
1549362625000;;;112,92156862745098;107,09803921568627;
1549362626000;;;111,56;102,41176470588236;
1549362627000;;;105,06122448979592;94,375;
1549362628000;;;83,3913043478261;81,15217391304347;
1549362629000;;;115,95744680851062;106,78723404255318;
1549362630000;;;110,2156862745098;106,6078431372549;
1549362631000;;;121,25531914893617;111,3265306122449;
1549362632000;;;125,87234042553192;119,31914893617021;
1549362633000;;;112,73214285714286;107,62962962962963;
1549362634000;;;104,61363636363636;99,70454545454545;
1549362635000;;;119,37254901960785;116,11320754716982;
1549362636000;;;125,14893617021275;114,38297872340426;
1549362637000;;;93,78;84,4375;
1549362638000;;;88,41509433962264;82,26415094339623;
1549362639000;;;106,77358490566039;94,94339622641509;
1549362640000;;;78,17647058823529;76,91176470588235;
1549362641000;;;74,46938775510205;66,85714285714286;
1549362642000;;;80,75438596491227;71,91228070175437;
1549362643000;;;102,42857142857142;98,41999999999999;
1549362644000;;;89,57142857142858;84,36363636363636;
1549362645000;;;120,69444444444444;112,37837837837837;
1549362646000;;;107,36538461538461;99,84313725490196;
1549362647000;;;110,8;103,82222222222222;
1549362648000;;;91,875;89,975;
1549362649000;;;128,03571428571428;124,35087719298245;
1549362650000;;;180,5892857142857;170,4;
1549362651000;;;107,86274509803921;99,17307692307692;
1549362652000;;;106,14285714285715;99,46341463414633;
1549362653000;;;126,08;119,34;
1549362654000;;;94,23255813953489;91,3953488372093;
1549362655000;;;129,34146341463415;117,21951219512195;
1549362656000;;;121,21666666666667;120,25;
1549362657000;;;132,03636363636366;123,80357142857142;
1549362658000;;;101,0;96,70833333333334;
1549362659000;;;91,57446808510639;87,12765957446808;
1549362660000;;;117,86792452830188;114,3076923076923;
1549362661000;;;85,94117647058823;75,19444444444444;
1549362662000;;;82,77777777777777;72,88372093023256;
1549362663000;;;108,45;102,67213114754098;
1549362664000;;;128,85185185185185;119,47169811320755;
1549362665000;;;99,85416666666666;88,77083333333334;
1549362666000;;;90,74418604651163;84,25;
1549362667000;;;112,48979591836735;106,36734693877551;
1549362668000;;;77,21428571428571;67,35714285714286;
1549362669000;;;115,5625;107,31914893617021;
1549362670000;;;132,15384615384613;122,75;
1549362671000;;;117,30909090909091;108,52727272727273;
1549362672000;;;128,72340425531917;118,0625;
1549362673000;;;117,91304347826087;109,19565217391303;
1549362674000;;;103,78571428571429;99,05454545454545;
1549362675000;;;134,95454545454544;128,5909090909091;
1549362676000;;;70,625;64,175;
1549362677000;;;128,66666666666666;121,70370370370371;
1549362678000;;;106,12280701754385;95,7017543859649;
1549362679000;;;84,78260869565217;79,28260869565217;
1549362680000;;;147,01923076923077;138,69811320754718;
1549362681000;;;100,03508771929825;94,71428571428571;
1549362682000;;;89,97560975609755;85,3170731707317;
1549362683000;;;84,52941176470588;75,29411764705883;
1549362684000;;;105,02083333333334;90,20833333333334;
1549362685000;;;127,74074074074073;119,66666666666666;
1549362686000;;;194,12698412698415;184,32307692307694;
1549362687000;;;119,94;116,47916666666666;
1549362688000;;;103,04255319148936;94,0625;
1549362689000;;;68,8048780487805;59,825;
1549362690000;;;86,28260869565217;84,47826086956522;
1549362691000;;;75,35999999999999;72,52000000000001;
1549362692000;;;133,23636363636365;123,07272727272728;
1549362693000;;;118,24;112,44;
1549362694000;;;82,37777777777778;72,04444444444445;
1549362695000;;;123,52000000000001;117,2;
1549362696000;;;112,775;99,375;
1549362697000;;;67,02380952380952;60,023809523809526;
1549362698000;;;96,23076923076923;89,45283018867924;
1549362699000;;;95,91071428571429;89,47272727272727;
1549362700000;;;83,1951219512195;82,17073170731706;
1549362701000;;;119,39622641509432;115,67924528301887;
1549362702000;;;105,625;97,82456140350877;
1549362703000;;;100,8125;91,3125;
1549362704000;;;80,61538461538461;73,52941176470588;
1549362705000;;;106,53703703703704;100,74545454545455;
1549362706000;;;96,25490196078431;88,82;
1549362707000;;;94,51162790697674;89,91111111111113;
1549362708000;;;96,0;91,4090909090909;
1549362709000;;;111,81132075471699;100,86274509803921;
1549362710000;;;82,07142857142858;76,66666666666666;
1549362711000;;;101,35416666666666;91,91666666666666;
1549362712000;;;96,33333333333334;88,0754716981132;
1549362713000;;;96,98;95,48;
1549362714000;;;99,08000000000001;83,93877551020408;
1549362715000;;;97,48936170212765;91,48936170212765;
1549362716000;;;135,98;124,3921568627451;
1549362717000;;;115,69047619047619;102,95;
1549362718000;;;105,53061224489795;101,66;
1549362719000;;;130,90740740740742;127,0377358490566;
1549362720000;;;133,96226415094338;126,22641509433961;
1549362721000;;;129,96153846153845;126,60377358490567;
1549362722000;;;101,95555555555555;95,32608695652173;
1549362723000;;;150,11764705882354;130,72;
1549362724000;;;72,55263157894737;66,08108108108108;
1549362725000;;;135,03508771929825;124,85964912280701;
1549362726000;;;103,5;99,83636363636364;
1549362727000;;;129,41666666666666;115,80851063829788;
1549362728000;;;89,58139534883722;81,46511627906976;
1549362729000;;;93,7258064516129;85,01612903225806;
1549362730000;;;107,6;102,3;
1549362731000;;;79,51219512195122;76,58536585365854;
1549362732000;;;79,7560975609756;75,70731707317074;
1549362733000;;;110,23255813953489;104,06976744186048;
1549362734000;;;214,27397260273972;202,53424657534248;
1549362735000;;;141,74074074074073;136,51851851851853;
1549362736000;;;100,97297297297297;95,08108108108108;
1549362737000;;;153,70689655172413;145,5;
1549362738000;;;87,81818181818181;82,95454545454545;
1549362739000;;;56,07317073170732;53,73170731707317;
1549362740000;;;92,12068965517241;90,82758620689656;
1549362741000;;;119,6078431372549;115,25490196078431;
1549362742000;;;157,60377358490567;147,11111111111111;
1549362743000;;;124,54347826086956;115,38297872340425;
1549362744000;;;141,12280701754386;134,36363636363637;
1549362745000;;;92,35;88,70731707317073;
1549362746000;;;106,02325581395348;99,73809523809524;
1549362747000;;;98,46666666666667;96,38333333333334;
1549362748000;;;162,27450980392157;158,71153846153845;
1549362749000;;;131,65;120,26666666666667;
1549362750000;;;87,8;85,97727272727273;
1549362751000;;;129,34782608695653;117,65217391304347;
1549362752000;;;113,02173913043478;100,97872340425532;
1549362753000;;;97,89583333333333;86,24489795918367;
1549362754000;;;93,35714285714286;82,625;
1549362755000;;;133,9298245614035;126,54545454545455;
1549362756000;;;108,14285714285714;103,34;
1549362757000;;;112,88372093023256;104,95238095238095;
1549362758000;;;129,66666666666666;123,625;
1549362759000;;;97,875;89,85416666666667;
1549362760000;;;103,6086956521739;97,4375;
1549362761000;;;128,4576271186441;122,54385964912281;
1549362762000;;;159,17543859649123;144,82456140350877;
1549362763000;;;128,7608695652174;124,71739130434783;
1549362764000;;;156,3404255319149;147,625;
1549362765000;;;116,8125;109,91836734693877;
1549362766000;;;109,92307692307693;98,58000000000001;
1549362767000;;;106,38;102,38;
1549362768000;;;115,77192982456138;99,61016949152543;
1549362769000;;;115,89795918367346;105,48936170212765;
1549362770000;;;136,85714285714286;134,25396825396825;
1549362771000;;;80,02380952380952;73,52380952380952;
1549362772000;;;110,11904761904762;97,67441860465115;
1549362773000;;;95,9298245614035;88,10714285714285;
1549362774000;;;106,90697674418605;92,62790697674419;
1549362775000;;;110,51724137931035;101,60344827586206;
1549362776000;;;144,85185185185185;137,88888888888889;
1549362777000;;;89,38461538461539;86,5;
1549362778000;;;89,42857142857143;85,34285714285714;
1549362779000;;;110,76363636363637;104,05454545454545;
1549362780000;;;230,66666666666666;230,66666666666666;
